{"cameraMode":{"drawMode":0,"name":"Shaded","section":"Shading Mode"},"sceneLighting":false,"audioPlay":false,"sceneViewState":{"m_AlwaysRefresh":false,"showFog":true,"showSkybox":false,"showFlares":true,"showImageEffects":true,"showParticleSystems":true,"showVisualEffectGraphs":true,"m_FxEnabled":true},"in2DMode":false,"pivot":{"x":255.82362365722657,"y":-0.9926822781562805,"z":254.95347595214845},"rotation":{"x":0.25128814578056338,"y":0.5281145572662354,"z":-0.16720177233219148,"w":0.7937348484992981},"size":3.6976277828216554,"orthographic":false}