{"cameraMode":{"drawMode":0,"name":"Shaded","section":"Shading Mode"},"sceneLighting":false,"audioPlay":false,"sceneViewState":{"m_AlwaysRefresh":false,"showFog":true,"showSkybox":false,"showFlares":true,"showImageEffects":true,"showParticleSystems":true,"showVisualEffectGraphs":true,"m_FxEnabled":true},"in2DMode":false,"pivot":{"x":256.16656494140627,"y":0.33092164993286135,"z":252.50238037109376},"rotation":{"x":0.14656472206115724,"y":0.7403019666671753,"z":-0.17131738364696504,"w":0.6333589553833008},"size":3.6976277828216554,"orthographic":false}