{"cameraMode":{"drawMode":0,"name":"Shaded","section":"Shading Mode"},"sceneLighting":true,"audioPlay":false,"sceneViewState":{"m_AlwaysRefresh":false,"showFog":true,"showSkybox":true,"showFlares":true,"showImageEffects":true,"showParticleSystems":true,"showVisualEffectGraphs":true,"m_FxEnabled":true},"in2DMode":false,"pivot":{"x":249.68765258789063,"y":-3.281294345855713,"z":275.77215576171877},"rotation":{"x":0.03496013209223747,"y":-0.3768950402736664,"z":0.014390015974640847,"w":0.9256249666213989},"size":27.494613647460939,"orthographic":false}