{"cameraMode":{"drawMode":0,"name":"Shaded","section":"Shading Mode"},"sceneLighting":false,"audioPlay":false,"sceneViewState":{"m_AlwaysRefresh":false,"showFog":true,"showSkybox":true,"showFlares":true,"showImageEffects":true,"showParticleSystems":true,"showVisualEffectGraphs":true,"m_FxEnabled":true},"in2DMode":false,"pivot":{"x":337.37530517578127,"y":-24.374923706054689,"z":382.5094299316406},"rotation":{"x":-0.1169242411851883,"y":-0.14933250844478608,"z":0.017636435106396676,"w":-0.9818164706230164},"size":60.781002044677737,"orthographic":false}