{"cameraMode":{"drawMode":0,"name":"Shaded","section":"Shading Mode"},"sceneLighting":false,"audioPlay":false,"sceneViewState":{"m_AlwaysRefresh":false,"showFog":true,"showSkybox":true,"showFlares":true,"showImageEffects":true,"showParticleSystems":true,"showVisualEffectGraphs":true,"m_FxEnabled":true},"in2DMode":false,"pivot":{"x":249.51992797851563,"y":1.9811208248138428,"z":253.56387329101563},"rotation":{"x":-0.001274271053262055,"y":-0.9987459778785706,"z":0.0362827330827713,"w":-0.03687207028269768},"size":5.331529140472412,"orthographic":false}