{"cameraMode":{"drawMode":0,"name":"Shaded","section":"Shading Mode"},"sceneLighting":false,"audioPlay":false,"sceneViewState":{"m_AlwaysRefresh":false,"showFog":true,"showSkybox":false,"showFlares":true,"showImageEffects":true,"showParticleSystems":true,"showVisualEffectGraphs":true,"m_FxEnabled":true},"in2DMode":false,"pivot":{"x":11.154690742492676,"y":-1.1752653121948243,"z":-6.276740074157715},"rotation":{"x":-0.020395560190081598,"y":-0.8728806376457214,"z":0.037408605217933658,"w":-0.4865422248840332},"size":7.878387451171875,"orthographic":false}